 11-20-2015	2
 10-12-2015	1
 08-24-2015	1
 09-15-2015	2
 11-06-2015	1
 09-01-2015	4
 03-17-2016	1
 09-16-2015	1
 10-14-2015	1
 08-16-2015	8
 09-10-2015	2
 09-27-2015	1
 11-24-2015	1
 09-08-2015	1
 01-04-2016	1
 08-17-2015	3
 09-22-2015	1
 09-11-2015	1
 11-16-2015	1
 09-06-2015	1
 10-16-2015	1
 09-30-2015	1
 08-22-2015	1
 12-25-2015	1
 12-07-2015	1
 01-21-2016	1
 09-23-2015	2
 08-18-2015	1
 09-03-2015	1
 08-31-2015	1
 08-15-2015	6
 11-29-2015	2
 02-13-2016	1
 02-02-2016	1
 11-18-2015	1
 11-26-2015	2
 10-15-2015	1
