 05-13-2015	10
 06-24-2015	1
 08-24-2015	1
 10-29-2015	1
 04-30-2015	18
 10-01-2015	1
 05-05-2015	7
 08-01-2015	1
 05-10-2015	6
 07-24-2015	1
 05-02-2015	12
 07-30-2015	1
 10-25-2015	1
 08-08-2015	1
 09-19-2015	1
 02-20-2016	1
 05-30-2015	1
 04-29-2015	12
 05-03-2015	8
 05-06-2015	5
 05-11-2015	5
 05-14-2015	3
 09-28-2015	1
 10-05-2015	1
 05-09-2015	7
 10-30-2015	2
 09-22-2015	1
 05-20-2015	1
 08-25-2015	5
 07-14-2015	1
 09-11-2015	1
 06-11-2015	1
 09-30-2015	1
 11-27-2015	1
 08-22-2015	2
 08-23-2015	2
 08-26-2015	1
 05-07-2015	2
 05-01-2015	10
 05-12-2015	6
 05-04-2015	13
 09-23-2015	1
 06-15-2015	1
 05-08-2015	7
 08-15-2015	1
 05-19-2015	1
