 05-16-2015	1
 04-30-2015	6
 01-08-2016	1
 12-20-2015	1
 11-14-2015	1
 04-28-2015	8
 05-02-2015	7
 08-05-2015	2
 09-10-2015	1
 11-28-2015	1
 01-26-2016	1
 05-03-2015	7
 06-14-2015	1
 05-11-2015	2
 06-30-2015	1
 01-18-2016	1
 07-17-2015	1
 10-08-2015	1
 04-26-2015	16
 09-06-2015	1
 09-30-2015	1
 10-16-2015	1
 10-27-2015	1
 02-06-2016	1
 08-26-2015	1
 08-20-2015	1
 06-07-2015	1
 05-08-2015	3
 09-03-2015	1
 05-19-2015	1
 05-27-2015	1
 11-20-2015	1
 01-22-2016	1
 01-05-2016	1
 10-01-2015	1
 07-13-2015	1
 05-05-2015	8
 08-01-2015	1
 04-25-2015	1
 08-16-2015	1
 09-19-2015	1
 04-29-2015	16
 05-06-2015	5
 08-14-2015	1
 08-11-2015	1
 06-11-2015	1
 03-04-2016	1
 02-24-2016	1
 05-07-2015	2
 07-29-2015	1
 05-01-2015	4
 05-12-2015	2
 05-04-2015	8
 09-23-2015	1
 07-04-2015	1
 04-27-2015	8
 09-18-2015	1
 10-07-2015	1
