 11-23-2015	1
 01-25-2015	1
 01-11-2015	5
 12-20-2015	1
 10-03-2015	1
 01-08-2015	12
 12-12-2015	1
 10-09-2015	1
 01-26-2016	1
 02-23-2016	1
 01-12-2015	6
 01-07-2015	5
 12-21-2014	1
 01-20-2015	2
 09-28-2015	1
 01-15-2015	1
 12-30-2015	1
 09-25-2015	1
 01-10-2015	4
 02-28-2015	1
 05-08-2015	1
 09-03-2015	1
 03-16-2016	1
 11-29-2014	1
 03-16-2015	1
 08-07-2015	1
 03-21-2015	1
 01-30-2016	1
 01-05-2015	19
 01-19-2015	1
 11-25-2015	1
 01-31-2015	1
 08-16-2015	1
 01-23-2016	1
 04-03-2015	1
 02-07-2016	1
 02-26-2015	1
 08-14-2015	1
 08-11-2015	1
 03-04-2016	1
 11-27-2014	1
 01-09-2015	7
 02-21-2015	1
 01-06-2015	1
 05-07-2015	1
 12-18-2014	2
 05-12-2015	1
 02-16-2016	1
 07-01-2015	1
 02-02-2016	1
 10-07-2015	1
