 12-09-2014	1
 01-25-2016	1
 05-24-2015	1
 05-16-2015	4
 06-19-2015	1
 05-10-2015	5
 06-05-2015	4
 06-13-2015	1
 07-16-2014	1
 05-25-2015	1
 03-11-2015	22
 04-18-2014	1
 05-17-2015	2
 04-06-2015	1
 06-14-2015	1
 05-11-2015	3
 12-30-2015	1
 04-04-2015	1
 07-03-2014	1
 03-24-2015	1
 05-08-2015	4
 03-10-2016	1
 05-19-2015	1
 05-27-2015	1
 03-13-2015	17
 11-26-2015	1
 05-13-2015	5
 03-19-2015	1
 06-02-2015	2
 09-12-2015	1
 05-05-2015	1
 03-14-2015	7
 12-01-2015	1
 02-07-2015	1
 03-31-2015	2
 05-30-2015	2
 07-09-2014	2
 03-18-2015	1
 04-29-2015	1
 10-10-2014	1
 05-06-2015	6
 05-14-2015	1
 01-01-2016	1
 05-09-2015	4
 03-12-2015	25
 03-20-2015	1
 05-20-2015	2
 06-03-2015	1
 03-15-2015	4
 12-02-2015	1
 05-29-2015	1
 05-15-2015	8
 05-18-2015	2
 11-11-2015	1
 05-07-2015	8
 05-12-2015	8
 02-05-2016	1
 09-18-2015	1
 04-24-2014	1
