 03-08-2016	1
 03-08-2015	1
 01-16-2015	5
 02-14-2015	1
 12-25-2014	16
 12-25-2013	1
 10-03-2014	1
 03-11-2015	3
 01-20-2015	29
 01-20-2014	1
 02-15-2015	4
 01-15-2015	1
 02-01-2015	11
 12-30-2013	1
 01-29-2015	1
 01-21-2015	8
 03-24-2015	3
 03-27-2015	4
 02-28-2015	5
 03-13-2015	1
 11-26-2015	2
 12-23-2014	13
 01-22-2015	2
 02-11-2015	2
 05-21-2015	1
 11-17-2014	1
 01-19-2015	1
 05-28-2015	1
 01-31-2015	2
 08-10-2014	1
 03-26-2015	4
 05-31-2015	1
 03-23-2015	8
 06-11-2015	2
 03-01-2015	1
 03-04-2015	1
 05-15-2015	2
 12-04-2014	65
 03-17-2015	2
 01-09-2015	4
 02-24-2016	1
 02-21-2015	4
 12-26-2013	1
 02-02-2015	2
 01-28-2015	2
 01-25-2015	1
 02-05-2015	7
 12-03-2014	1
 02-05-2014	1
 12-17-2014	17
 12-20-2014	38
 02-22-2015	2
 03-03-2015	1
 05-11-2015	1
 12-16-2014	40
 12-21-2014	9
 02-18-2015	1
 02-23-2015	1
 03-29-2015	1
 12-19-2014	30
 02-04-2015	13
 09-11-2015	1
 01-26-2015	8
 04-26-2015	1
 04-15-2015	1
 02-06-2015	3
 01-24-2015	1
 12-22-2014	36
 01-13-2015	8
 04-01-2015	6
 02-17-2015	2
 05-08-2015	1
 03-16-2015	4
 05-19-2015	1
 03-21-2015	10
 04-02-2015	2
 03-19-2015	1
 01-30-2015	4
 12-31-2013	1
 01-14-2015	1
 02-16-2015	19
 02-25-2015	10
 03-22-2015	2
 02-03-2015	1
 01-27-2015	11
 04-17-2015	1
 12-05-2014	21
 01-23-2015	3
 02-20-2015	18
 03-18-2015	3
 12-24-2014	12
 05-26-2015	2
 12-18-2014	14
 03-28-2015	2
 12-15-2014	16
 06-19-2014	1
 01-17-2015	7
 04-21-2015	1
 01-17-2014	1
 02-10-2015	3
