3/28/2015	1
9/13/2014	1
10/24/2014	3
10/10/2014	2
11/21/2014	1
3/6/2015	1
12/24/2014	1
3/22/2015	1
9/19/2014	2
2/11/2015	1
4/17/2015	1
12/1/2014	1
11/1/2014	1
1/31/2015	1
4/11/2015	1
9/21/2014	2
12/8/2014	1
4/16/2015	1
11/18/2014	1
11/26/2014	2
11/30/2014	1
4/5/2015	1
10/8/2014	1
1/14/2015	1
10/29/2014	1
11/6/2014	1
2/21/2015	1
9/26/2014	1
2/13/2015	1
2/8/2015	1
10/7/2014	2
1/1/2015	1
3/15/2015	1
10/21/2014	1
5/7/2015	1
3/11/2015	1
10/27/2014	1
2/9/2015	1
10/19/2014	2
3/9/2015	1
5/9/2015	1
12/4/2014	2
12/13/2014	1
12/18/2014	1
11/4/2014	1
9/8/2014	1
1/20/2015	1
10/4/2014	1
9/16/2014	1
4/19/2015	1
5/10/2015	1
5/8/2015	1
10/26/2014	3
12/22/2014	1
11/11/2014	2
10/5/2014	1
12/5/2014	1
12/14/2014	1
10/3/2014	2
1/5/2015	1
10/14/2014	1
9/11/2014	1
10/20/2014	1
10/17/2014	1
2/18/2015	1
9/22/2014	2
12/23/2014	1
2/4/2015	2
9/30/2014	1
12/12/2014	1
9/17/2014	1
11/16/2014	1
11/24/2014	1
4/7/2015	1
4/23/2015	1
