5/3/2015	1
10/10/2014	1
10/16/2014	1
9/19/2014	3
12/21/2014	1
1/17/2015	1
5/9/2015	1
4/30/2015	1
12/13/2014	1
1/20/2015	1
10/4/2014	3
11/1/2014	1
9/21/2014	3
10/1/2014	1
1/3/2015	2
9/18/2014	2
10/12/2014	1
1/26/2015	1
10/11/2014	1
11/18/2014	1
10/2/2014	2
4/2/2015	1
9/20/2014	1
10/29/2014	4
10/5/2014	1
10/6/2014	1
1/24/2015	1
12/17/2014	1
10/3/2014	1
2/5/2015	1
9/26/2014	3
3/24/2015	1
9/11/2014	1
3/29/2015	1
9/29/2014	2
10/9/2014	3
9/22/2014	1
3/4/2015	1
5/1/2015	1
9/30/2014	4
10/28/2014	1
10/7/2014	4
9/17/2014	4
9/28/2014	1
9/25/2014	2
10/13/2014	1
11/16/2014	1
