8/16/2014	1
7/6/2014	1
5/19/2014	1
9/21/2014	1
4/10/2015	2
5/27/2014	1
6/5/2014	1
1/29/2015	1
11/30/2014	1
10/2/2014	1
7/27/2014	1
10/8/2014	1
2/21/2015	1
5/29/2014	1
7/1/2014	1
2/13/2015	1
4/27/2015	2
1/15/2015	1
3/1/2015	1
3/20/2015	1
12/16/2014	1
6/30/2014	1
9/10/2014	1
3/11/2015	1
12/21/2014	2
6/9/2014	1
5/9/2015	1
4/30/2015	2
5/11/2015	1
11/4/2014	1
6/21/2014	2
12/30/2014	1
6/2/2014	1
8/2/2014	1
10/12/2014	1
8/9/2014	1
12/22/2014	1
11/5/2014	1
12/17/2014	1
6/26/2014	1
1/2/2015	1
6/18/2014	3
8/1/2014	5
1/13/2015	1
3/5/2015	1
3/24/2015	1
3/27/2015	1
1/10/2015	1
6/12/2014	2
4/4/2015	1
1/19/2015	1
11/13/2014	1
6/7/2014	1
4/15/2015	1
