10/10/2014	1
11/21/2014	2
7/30/2014	1
3/14/2015	1
7/13/2014	1
8/24/2014	2
12/1/2014	4
7/28/2014	2
8/10/2014	1
10/1/2014	2
12/2/2014	2
3/30/2015	2
12/29/2014	1
11/22/2014	1
10/2/2014	2
7/26/2014	2
9/1/2014	1
11/23/2014	4
4/24/2015	1
7/31/2014	2
7/15/2014	1
8/25/2014	1
8/11/2014	3
8/22/2014	3
2/14/2015	1
10/19/2014	1
12/4/2014	2
12/13/2014	3
11/4/2014	1
9/8/2014	1
9/24/2014	2
3/3/2015	2
10/22/2014	1
12/30/2014	2
9/2/2014	2
5/8/2015	1
7/9/2014	2
9/23/2014	1
5/2/2015	2
8/27/2014	6
3/25/2015	1
12/5/2014	3
10/6/2014	1
12/14/2014	1
6/26/2014	1
8/4/2014	1
8/31/2014	3
1/2/2015	1
10/3/2014	1
8/1/2014	1
8/15/2014	1
8/18/2014	4
4/4/2015	2
2/20/2015	1
9/30/2014	1
12/20/2014	1
4/1/2015	1
7/22/2014	2
11/24/2014	1
8/16/2014	4
11/27/2014	1
9/27/2014	1
12/7/2014	5
4/17/2015	1
6/25/2014	3
12/10/2014	1
1/28/2015	1
7/6/2014	1
8/6/2014	1
9/6/2014	1
12/8/2014	3
7/21/2014	1
7/5/2014	2
11/26/2014	2
11/30/2014	3
4/5/2015	1
10/8/2014	1
7/19/2014	1
7/23/2014	2
11/6/2014	1
12/11/2014	2
9/4/2014	1
11/14/2014	1
2/5/2015	1
7/18/2014	6
9/26/2014	1
11/28/2014	1
11/25/2014	1
9/29/2014	1
3/23/2015	1
5/4/2015	2
8/14/2014	1
10/13/2014	1
1/7/2015	1
8/30/2014	3
9/7/2014	2
3/7/2015	1
9/10/2014	1
5/3/2015	1
8/13/2014	1
8/19/2014	4
2/28/2015	1
5/9/2015	3
4/30/2015	2
1/20/2015	1
8/8/2014	1
8/3/2014	1
9/3/2014	4
4/3/2015	2
4/19/2015	2
5/10/2015	1
7/8/2014	1
7/2/2014	1
9/9/2014	5
8/9/2014	3
12/22/2014	1
7/24/2014	4
8/23/2014	1
12/6/2014	4
12/3/2014	7
12/31/2014	1
3/8/2015	1
8/29/2014	1
8/26/2014	1
2/7/2015	2
12/12/2014	1
7/17/2014	1
1/19/2015	1
11/13/2014	1
7/11/2014	3
4/23/2015	1
