2/17/2015	1
3/28/2015	1
10/10/2014	1
9/19/2014	1
3/14/2015	2
7/13/2014	1
9/18/2014	1
12/29/2014	2
10/11/2014	2
11/22/2014	1
10/2/2014	1
10/23/2014	1
7/27/2014	2
11/3/2014	1
2/21/2015	3
2/2/2015	2
7/1/2014	1
4/24/2015	1
3/29/2015	1
7/31/2014	2
2/19/2015	1
5/1/2015	1
3/26/2015	2
3/15/2015	1
12/27/2014	1
6/30/2014	2
2/14/2015	2
4/28/2015	1
6/19/2014	2
10/19/2014	1
3/9/2015	1
1/17/2015	1
5/11/2015	1
7/10/2014	1
2/3/2015	1
3/3/2015	1
10/18/2014	1
1/18/2015	2
10/12/2014	2
5/8/2015	1
7/9/2014	1
6/13/2014	4
11/11/2014	1
8/27/2014	1
1/11/2015	2
10/6/2014	1
12/14/2014	1
6/26/2014	1
8/31/2014	2
1/2/2015	1
4/18/2015	2
8/1/2014	2
8/15/2014	4
8/18/2014	1
1/8/2015	3
10/9/2014	1
12/23/2014	1
2/23/2015	1
7/25/2014	2
2/20/2015	1
9/30/2014	1
12/20/2014	1
4/1/2015	1
9/17/2014	1
4/12/2015	1
1/27/2015	2
8/7/2014	3
11/24/2014	1
4/15/2015	1
9/13/2014	1
4/6/2015	2
3/22/2015	1
2/11/2015	1
9/27/2014	1
6/25/2014	1
11/7/2014	1
1/28/2015	1
7/6/2014	1
8/6/2014	1
1/31/2015	1
2/26/2015	1
6/24/2014	1
4/16/2015	1
7/21/2014	1
6/10/2014	4
10/15/2014	1
1/29/2015	1
7/5/2014	1
9/5/2014	2
11/30/2014	2
10/8/2014	2
10/29/2014	1
7/19/2014	1
11/6/2014	1
2/24/2015	1
9/26/2014	1
11/28/2014	1
3/18/2015	1
4/8/2015	1
11/9/2014	1
3/20/2015	2
6/11/2014	10
8/28/2014	1
8/17/2014	1
5/4/2015	1
3/7/2015	1
3/11/2015	1
10/27/2014	1
8/19/2014	1
1/9/2015	1
4/30/2015	2
1/20/2015	2
8/8/2014	1
10/4/2014	2
9/16/2014	2
9/3/2014	1
1/3/2015	2
4/3/2015	1
4/19/2015	1
5/10/2015	1
7/8/2014	2
9/9/2014	5
3/17/2015	1
8/23/2014	1
6/15/2014	1
6/18/2014	1
8/20/2014	1
12/25/2014	3
3/5/2015	1
10/14/2014	1
3/8/2015	2
4/29/2015	1
3/24/2015	1
8/29/2014	1
6/12/2014	9
10/17/2014	1
2/18/2015	2
12/9/2014	3
2/7/2015	1
7/14/2014	1
2/15/2015	2
2/1/2015	1
4/26/2015	1
9/25/2014	1
7/11/2014	1
