2/17/2015	2
11/21/2014	1
3/22/2015	1
9/19/2014	1
2/11/2015	1
3/14/2015	1
12/10/2014	1
4/11/2015	1
7/28/2014	1
5/14/2014	2
1/23/2015	1
9/18/2014	1
1/30/2015	1
10/15/2014	1
9/5/2014	1
11/18/2014	1
11/2/2014	3
7/26/2014	1
9/26/2014	1
11/28/2014	1
2/13/2015	1
4/27/2015	1
11/20/2014	1
1/15/2015	1
3/1/2015	1
3/20/2015	3
6/17/2014	1
3/23/2015	2
8/25/2014	1
12/16/2014	1
3/26/2015	1
2/16/2015	1
2/27/2015	1
5/4/2015	1
7/7/2014	2
12/19/2014	1
1/7/2015	1
3/12/2015	1
5/7/2015	1
4/28/2015	1
11/10/2014	1
1/17/2015	1
2/28/2015	1
5/17/2014	1
4/14/2015	1
7/3/2014	1
1/3/2015	2
2/3/2015	1
4/13/2015	2
11/29/2014	1
8/2/2014	1
9/2/2014	2
6/27/2014	1
1/26/2015	1
9/15/2014	1
3/10/2015	1
8/12/2014	1
12/5/2014	1
1/11/2015	1
12/6/2014	1
12/28/2014	3
12/25/2014	1
1/5/2015	1
3/5/2015	2
12/31/2014	1
8/15/2014	1
10/20/2014	1
1/8/2015	1
3/13/2015	1
10/17/2014	1
2/15/2015	1
2/12/2015	1
1/19/2015	1
6/4/2014	1
