3/11/2015	2
2/9/2015	2
1/9/2015	1
1/17/2015	3
2/28/2015	1
1/6/2015	2
1/28/2015	1
1/20/2015	5
2/6/2015	1
1/31/2015	1
1/23/2015	1
1/18/2015	7
1/30/2015	1
1/26/2015	2
1/25/2015	4
1/29/2015	1
12/22/2014	2
1/14/2015	2
1/22/2015	2
1/24/2015	4
1/2/2015	4
2/24/2015	1
1/5/2015	2
1/13/2015	2
1/21/2015	5
2/5/2015	3
2/10/2015	1
2/8/2015	2
1/8/2015	2
1/10/2015	5
2/18/2015	1
1/15/2015	3
1/4/2015	1
1/12/2015	1
2/19/2015	1
12/12/2014	1
2/12/2015	3
1/1/2015	5
2/1/2015	1
1/19/2015	2
3/15/2015	1
1/16/2015	1
1/7/2015	2
